,中文名稱,英文名稱,上映日期,類型,簡介
0,小小兵2：格魯的崛起,Minions: The Rise of Guru,2022-07-01,動畫動作喜劇,"今年暑假，影史最賣座的動畫電影系列之一和風靡全球的現象，即將帶來關於一個12歲小男孩的故事，他夢想成為世上最偉大的超級大壞蛋。這部全新動畫喜劇動作片就是《小小兵2：格魯的崛起》。
 
這部電影充滿了照明娛樂招牌的顛覆性和無厘頭喜劇橋段、各種大眾文化的笑梗、感人肺腑的劇情、勁爆的電影配樂，以及宇宙超級無敵誇張的動作場面。《小小兵2：格魯的崛起》一片由這個電影系列的原創掌舵，製片包括照明娛樂極具遠見的創辦人和執行長克里斯梅勒丹德利、他的長期合作夥伴珍娜海莉，以及克里斯雷納德，導演凱爾巴爾達（《神偷奶爸3》、《小小兵》）則再度回歸執導這部電影。共同導演是布萊德艾柏森（長壽喜劇影集《辛普森家庭》）以及強納森戴凡（《寵物當家》系列電影）。"
1,蝙蝠俠,The Batman,2022-03-04,動作犯罪,《蝙蝠俠》將聚焦於一個年輕版本的布魯斯韋恩，並從中檢視他在面罩之下的靈魂。羅伯派汀森將在新版《蝙蝠俠》中飾演這位DC超級英雄，電影是由《猩球崛起：終極決戰》導演麥特李維斯（Matt Reeves）所執導。
2,魔比斯,Morbius,2022-01-16,動作劇情,"★索尼與漫威繼《猛毒》後再一野心暗黑爭議之作 
★《蜘蛛人》宇宙正式成立 全新神秘反派 吸血鬼「魔比斯」首推獨立電影
★奧斯卡得主傑瑞德雷托領軍 金球獎影麥可基頓火力加持 再創漫威宇宙高峰
 
在漫威宇宙中最具爭議性且複雜的角色即將在大銀幕與全球觀眾見面！由奧斯卡得主傑瑞德雷托領軍，飾演一位患有罕見疾病的生物化學博士麥可魔比斯；為治療自己的疾病，並試圖挽救其他遭受相同命運的人，他試圖進行一場絕望的豪賭，並大膽在實驗過程中利用吸血蝙蝠的DNA治療。雖說實驗結果在起初看似成功，但最後的結果只是顯示，這一切可能只是帶給他比原有疾病更糟糕的痛苦而已……"
3,蜘蛛人：無家日,Spider-Man: No Way Home,2021-12-15,動作冒險,故事接續《蜘蛛人：離家日》片尾，描述號角日報對外公佈了蜘蛛人真實身份是彼得帕克後，警察指控他利用無人機殺害神秘法師，讓彼得帕克遭到輿論攻擊、而他與親友的生活也大受影響。為了改變現況，絕望的彼得帕克找上了「奇異博士」，希望他施展法術讓大家忘記他是蜘蛛人的事實。
4,捍衛戰士：獨行俠,Top Gun: Maverick,2021-11-19,動作劇情,派拉蒙影業1986年推出的《捍衛戰士》，由湯姆克魯斯主演，是一齣以航空母艦與美國海軍戰鬥機武器學校為背景的勵志動作電影，在當年締造了全球3億5千6百多萬美元的票房成績。睽違33年之後，派拉蒙影業將在2020年6月26日暑假檔期推出美國軍事動作鉅片《捍衛戰士：獨行俠》，是1986年電影《捍衛戰士》的續集，同樣選擇在美國聖地牙哥海軍航空基地拍攝，這次導演是約瑟夫柯金斯基《遺落戰境》，主要演員有湯姆克魯斯(《捍衛戰士》、《不可能的任務》系列)、珍妮佛康納莉《艾莉塔：戰鬥天使》、邁爾斯泰勒《進擊的鼓手》、喬漢姆《貼背戰》、艾德哈里斯《母親！》、格蘭鮑威爾《浴血任務3》、路易斯普曼《勝負反手拍》…等。為了慶祝在聖地牙哥舉行的國際動漫展50週年(Comic-Con 50)，阿湯哥特別於7月19日凌晨獻上《捍衛戰士：獨行俠》前導預告，當音樂一下回憶湧上，經典雷朋太陽眼鏡、G-1飛行夾克、重機 KAWASAKI GPZ900R以及看到阿湯哥二度登上軍事戰機F-14駕駛的帥氣英姿，一幕幕都讓影迷熱血沸騰，尤其當戰機升空馳騁天際執行任務，穿梭在高山間的緊張氣氛令人屏息。
5,魔鬼剋星：未來世,Ghostbusters: Afterlife,2021-11-11,動作冒險懸疑/驚悚喜劇,"★抓鬼始祖回歸！《魔鬼剋星 未來世》2020年夏天重磅登場
★《蟻人》保羅路德攜《怪奇物與》天才童星芬恩伍法德再戰經典
★唯一正宗續集《魔鬼剋星 未來世》完美承接系列宏偉世界觀
 
由《型男飛行日誌》金獎編導傑森瑞特曼，聯手《魔鬼剋星》系列幕後推手伊凡瑞特曼，打造全新正宗續集《魔鬼剋星 未來世》。
 
在全新的《魔鬼剋星 未來世》中，電影將圍繞在靠著以《怪奇物語》系列，在全球打開知名度的超級童星芬恩沃夫哈德為首的年輕世代們；一位單身母親帶著他的兩個孩子來到傳說中的神祕小鎮，究竟在《蟻人》保羅路德的帶領之下，他們是否能成功隨著線索，並沿著他們祖父所留下的魔鬼剋星傳奇裝備與車輛，接手這個經典不敗但卻失傳已久的的抓鬼大業呢？"
6,猛毒2：血蜘蛛,Venom: Let There Be Carnage,2021-10-13,動作科幻,2018年《猛毒》推出後全球累積票房就突破8.5億，創下該年度全球票房第 7 名的佳績。睽違三年，《猛毒2：血蜘蛛》將由安迪瑟克斯執導，除了湯姆哈迪強勢回歸，上一集《猛毒》片尾彩蛋出現的神祕殺人魔克萊圖斯卡薩迪將在續集中掀起腥風血雨，讓觀眾在大銀幕首次見到「蜘蛛人宇宙」大魔王「血蜘蛛」殘暴真面目！
7,007生死交戰,No Time to Die,2021-10-01,動作冒險懸疑/驚悚,"一向被視為年度大片的007系列電影即將推出第25部，丹尼爾克雷格再度飾演所向披靡，家喻戶曉的英國情報員詹姆斯龐德，延續上一集的故事發展，M夫人因公殉職，由雷夫范恩斯飾演新任的軍情六處長官M先生，他也是龐德的頂頭上司，班維蕭則飾演角色討喜幽默的裝備武器專家Q先生，而最令人注目的龐德女郎一角，將由法國女星蕾雅瑟杜再次詮釋，這也是除了第一代龐德女郎尤妮絲蓋森(Eunice Gayson)之外，打破過去007電影57年的慣例，成為史上第二位重複登場的龐德女郎；另一位全新龐德女郎則是曾經演出《銀翼殺手𝟐𝟎𝟒𝟗 》的古巴裔新生代女神安娜德哈瑪斯。此外，今年4月底才正式公布，這一集新的反派角色將由奧斯卡金像獎影帝雷米馬力克主演，他在波希米亞狂想曲的亮眼表現，勢必將為這部片注入全新的戲劇張力。
 
在《007生死交戰》中，情報員詹姆斯龐德退役後，在牙買加享受著平靜的生活。 
 
但當中央情報局的老朋友菲力克斯雷特出現請他協助時，這短暫的平靜也隨之結束。他的任務本是去營救一個被綁架的科學家，卻發現一個神祕的新型態科技犯罪組織，也讓自己身陷危險之中。"
8,高玩殺手,Copshop,2021-09-24,動作犯罪,"★ 《迴路追殺令》導演 喬卡納漢 最新力作
★ 這次不救了！傑哈巴特勒 化身超危險殺手 天涯海角幹掉你！ 
★《天劫倒數》傑哈巴特勒　《美國隊長3：英雄內戰》法蘭克葛里洛
★《黑豹》亞歷克西斯羅德爾 大場面動作對決 爽度爆表刺激腎上腺素！
★ 警局變戰場！騙子VS殺手 各自放大絕 火拼大亂鬥！
★ 聰明菜鳥女警X亡命狡猾騙子X致命神經殺手 誰才是最後的贏家？
 
惡名昭彰的騙子泰迪(法蘭克葛里洛 飾)為躲避殺手鮑勃(傑哈巴特勒 飾)的追殺，刻意讓菜鳥女警(亞歷克西斯羅德爾 飾)逮捕並關進警局的監獄中。鮑勃殺來警局，決定跑到天涯海角也要幹掉他，一場徘徊在騙子與殺手間的火爆對決就在警局展開…"
9,逃出摩加迪休,Escape From Mogadishu,2021-09-24,動作劇情,"★ 擊退迪士尼強檔《叢林奇航》榮登韓國票房冠軍！締造今年韓片最棒開票紀錄！
★《軍艦島》導演柳昇完 ×《與神同行》導演金容華雙強聯手，將難以想像的真實事件搬上大銀幕
★ 《極限逃生》製作團隊 ×《與神同行》特效公司巨資打造刺激動作電影！
★ 《七罪追緝令》金倫奭 ×《浴血圍城88天》趙寅成首度合作，在戰亂中尋找生機！
★ 耗資200億韓幣打造，全片北非摩洛哥取景拍攝
★ 早在《黑鷹計劃》事件之前，一段宛如《亞果出任務》的絕地逃亡故事
 
在內戰中被孤立的陌生都市．摩加迪休
現在唯一目標就是「活下去」！
 
在南韓為了加入聯合國而東奔西走的時期……1991年，索馬利亞首都．摩加迪休爆發內戰，身在此處無法與外界聯繫的南韓大使館職員和其家人們，每天飽受子彈和炮彈的威脅，為了生存而辛苦撐過每一天。就在某夜，北韓大使館的職員們請求協助，敲了南韓大使館的大門……究竟他們能否突破困境，逃出摩加迪休呢？"
10,疾凍救援,The Ice Road,2021-09-24,動作,"★ 今年暑假超級災難動作強檔！
★《即刻救援》億萬巨星連恩尼遜年度鉅獻！
★ 耗資4000萬美金拍攝、加拿大冰路實地取景，享受冰上狂飆刺激快感 ！
★《世界末日》《空中監獄》《終極警探3》編劇強納森漢斯林執導最新力作！
 
300英哩冰封路 30小時危機倒數 唯一存活機會！
 
在加拿大北部一處偏僻的鑽石礦坑發生重大坍塌意外，一群礦工被埋在坑道內，僅剩30小時的氧氣可以存活。駕駛經驗豐富的巨型卡車駕駛（連恩尼遜飾）、與天才機械師弟弟葛帝(馬克斯湯瑪斯飾)組成緊急救難隊，靠著巨型卡車橫越300英哩結冰湖面構成「冰路」，救出被困住的26名礦工。這群緊急救難隊成員不但要在逐漸融化的「冰路」搏命飆速、還要面對即將來襲的超大風暴，但他們真正的威脅卻是過去從未遇過的恐怖危機...原來礦坑企業公司為了隱藏爆炸意外主因被揭發，雇用大批殺手阻撓救難隊員行進，一場驚天動地的救難行動在冰天雪地中就此展開！"
11,殺手保鑣2,The Hitman's Wife's Bodyguard,2021-09-17,動作喜劇,"★ 億萬票房《殺手保鑣》系列續集，暑假必看!
★影史最強三""賤""客，原班人馬霸氣回歸，戰力全開「一生只賤你一人」!
 
萊恩雷諾斯、山繆傑克森雙人合體電影《殺手保鏢》票房大獲成功，萊恩與山繆都相當喜歡這個角色，因此再度與導演簽下續集合約。但有個前提是：續集劇本一定要更賤、爆破要更驚人，導演義無反顧一口答應! 
 
《殺手保鏢2》在2019年5月於克羅埃西亞開拍，故事將延續上一集，為防止獨裁勢力摧毀整個歐洲，嗆辣老婆「索妮亞」出獄後被迫與3A保鑣-麥可聯手執行任務，三人合體的嘴賤攻防怎能不期待!"
12,沙丘,Dune,2021-09-16,動作科幻劇情,"《沙丘》講述一個神祕又性格強烈的英雄之心路歷程，本片講述保羅亞崔迪的故事，他是一個聰明又富有天賦的年輕人，肩負超越自己理解的偉大天命，且必須遠行至宇宙中最危險的行星，以確保他家人及族人未來的延續。敵對勢力為搶奪唯有此行星才出產的珍貴資源大打出手，而這也是人類最珍視的資源，一種能解鎖人類偉大潛能的物質，唯有能戰勝自己恐懼的人才能存活。
 
本片主要演員包括曾被奧斯卡提名的提摩西夏勒梅（《以你的名字呼喚我》、《她們》）、蕾貝卡弗格森（《安眠醫生》、《不可能的任務：全面瓦解》）、奧斯卡伊薩克（《星際大戰》系列電影）、曾被奧斯卡提名的喬許布洛林（《自由大道》、《復仇者聯盟：無限之戰》）、史戴倫史柯斯嘉（HBO的《核爆家園》、《復仇者聯盟2：奧創紀元》）、戴夫巴帝斯塔（《星際異攻隊》系列、《復仇者聯盟：終局之戰》）、史蒂芬麥金利亨德森（《心靈圍籬》、《淑女鳥》）、千黛亞（《蜘蛛人：返校日》、HBO的《亢奮》）、大衛達斯馬齊連（《銀翼殺手2049》、《黑暗騎士》）、張震（《龍先生》、《臥虎藏龍》）、莎朗鄧肯布魯斯特（《星際大戰外傳：俠盜一號》、Netflix的《性愛自修室》），以及曾被奧斯卡提名的夏綠蒂蘭普琳（《45年》、《刺客教條》），傑森摩莫亞（《水行俠》、HBO的《權力遊戲》），及奧斯卡得主哈維爾巴登（《險路勿近》、《007：空降危機》）。"
13,刺客密令,The Protege,2021-09-10,動作懸疑/驚悚,"★ 《007首部曲：皇家夜總會》名導馬丁坎貝爾全新動作鉅獻
★ 《殺手保鑣》《全面攻佔》製片團隊傾力製作 火力全開
★ 《私刑教育系列》《神隱任務：永不回頭》編劇精心打造
★ 好萊塢亞裔女星Maggie Q、金獎男星米高基頓大銀幕火爆交鋒
★ 「ㄇㄉㄈㄎ」山繆傑克森化身傳奇刺客大師
 
安娜（Maggie Q 飾）兒時被傳奇刺客穆迪（山繆傑克森 飾）所救，並接受他的訓練，成為世界頂尖的契約殺手。某天，穆迪遭到不明人士殺害，把他視為父親的安娜誓言要找出幕後黑手血債血償，並循線找到神祕殺手林布蘭（米高基頓 飾），與其展開一場致命的貓捉老鼠遊戲。然而，隨著真相逐漸明朗，安娜和林布蘭的關係也變得更加複雜……。"
14,東京復仇者,Tokyo Revengers,2021-09-10,動作冒險,"★日本雙週票房冠軍
★《週刊少年Magazine》的人氣作品
★北村匠海領銜主演，山田裕貴與吉澤亮組成最強雙人組
★SUPER BEAVER 帶來的主題曲「名前を呼ぶよ」
 
原作漫畫由和久井健所著的《東京卍復仇者》，描述無論做什麼事情都不順利的主角「武道」，又住在破舊老公寓裡的他，從電視上得知國中時期的前女友「日向」無端捲入幫派火拼而身亡。某天他在月台等車時居然跌落鐵軌，正他以為自己死定了，回神之後卻發現自己回到 12 年前的國中時期。後來又遇上了日向的弟弟「直人」，告訴他 12 年後發生的事實，要求他要保護姐姐，雙方握手之後他又再次回到現代……。"
15,密弒遊戲2：勝者危亡,Escape Room: Tournament of Champions,2021-09-03,動作恐怖懸疑/驚悚,為了將害人致死的「世界頂尖密室逃脫」主辦方繩之以法，兩位遊戲生存者柔伊（泰勒羅素飾）和班（羅根米勒飾）決定聯手到紐約找出背後兇手。但兩人卻與其他四位陌生人在紐約地鐵上遇到大災難，並意外發現他們不僅捲入更危險致命的密室遊戲，且所有人之前都是「世界頂尖密室逃脫」遊戲的生存者。在不解迷就等死的情況下，這六人將如何協力找生路，避免成為下一批遊戲犧牲者？
16,尚氣與十環傳奇,Shang-Chi and the Legend of the Ten Rings,2021-09-02,動作冒險奇幻,漫威電影宇宙再度擴張，全新動作英雄《尚氣與十環傳奇》正式登場，故事敘述尚氣（劉思慕飾演）自幼接受父親文武（梁朝偉飾演）的鐵血戰鬥培訓，精通各種武術招式。長大後為了逃離家鄉，他改名換姓展開新生活，認識了新摯友凱蒂（奧卡菲娜飾演），平靜日子就這樣過了十年，直到過去再度找上門… 尚氣能否會發掘十環的無敵力量，無懼擺脫父親的勢力？
17,脫稿玩家,Free Guy,2021-08-12,動作喜劇,《脫稿玩家》 故事描述一個銀行小職員 - 蓋伊 (萊恩雷諾斯) 日復一日年復一年做著無聊的工作，過著樸實無華的生活，直到有一天他突然發現自己是一個暴力電玩中可有可無的配角，他想要突破現狀，但這個動作竟讓整個遊戲大變調，除了要挑戰層層關卡，還要拯救世界，更重要的是否能從C咖一躍成A咖呢？
18,玩命關頭9,Fast & Furious 9,2021-08-11,動作冒險,"馮迪索飾演的唐老大和莉蒂與他的兒子小布萊恩，正在過著與世隔絕的平靜生活，但是他們都知道這種平靜的生活隨時隨地都會受到致命危機的威脅。這次，這個威脅將逼迫唐老大面對他過去犯下的罪孽，如果他想要拯救他最愛的人們。他的團隊將再度攜手合作，槓上他們遇過最高竿的職業刺客和飆速車手，並且阻止他摧毀全世界的邪惡計畫。這個神秘人物也正好是早就被唐老大切斷兄弟關係的親弟弟雅各（約翰希南 飾）。
 
【關於電影】
曾經執導《玩命關頭》第3集、第4集、第5集和第6集的華裔導演林詣彬回歸執導《玩命關頭9》，他讓這個電影系列成為全球大賣的超級動作鉅片。《玩命關頭9》這部全新系列電影中的動作場面橫跨全球，從倫敦到東京，從中美洲到愛丁堡，然後從位於亞塞拜然的秘密地下碉堡，一直到喬治亞共和國首都提比里斯車水馬龍、熙來攘往的街頭。這一路上，老朋友將起死回生，昔日的敵人將再度回歸，歷史將被重新改寫，而且家庭真正的意義也將受到前所未有的考驗。再度回歸參與這部電影演出的堅強卡司包括蜜雪兒羅卓奎茲、泰瑞斯吉布森、路達克里斯、喬丹娜布魯斯特、娜塔莉艾曼紐、姜成鎬，以及奧斯卡影后海倫米蘭與莎莉賽隆。曾經榮獲葛萊美獎肯定的當紅歌手和超級巨星卡蒂B在《玩命關頭9》一片中將飾演全新角色蕾莎，一個和唐老大的過去有關聯的女子，另外，雷鬼動音樂巨星歐蘇納也在這部電影中客串演出。"
19,自殺突擊隊：集結,The Suicide Squad,2021-08-05,動作冒險,"歡迎來到地獄—全美死亡率最高的「美夢監獄」。那裡關押著最兇惡的超級反派，他們為了逃離該處願意付出任何代價，甚至不惜加入超級神祕又黑幕重重的X特遣隊。這次九死一生的任務是什麼呢？首先結集「血腥運動」、「和平使者」、「迴旋鏢隊長」、「捕鼠人2」、「智者」、「鯊魚王」、「黑色守衛」、「標槍」，以及大家最喜歡的精神病患「哈莉奎茵」等一幫罪犯，給他們配上最精良的重裝武器，再把他們扔…請注意真的是用扔的，到與世隔絕又布滿敵軍的柯多瑪堤小島。他們徒步穿越每個角落都藏滿敵對兵力和武裝傭兵的叢林，突擊隊員在瑞克佛萊格上校一人隨行並帶領管束下，執行著搜索及摧毀的任務…
 
阿曼達華勒的政府技工則從耳機裡提點監控，全程緊迫盯人。與往常一樣，他們只要踏錯一步就會屍骨無存（無論是死於敵方的手下、自己隊友的暗算，或是華勒的親自下令）。若真要下注賭個輸贏，明智的選擇絕對是押他們落敗，全軍覆沒。"
20,大紅狗克里弗,Clifford the Big Red Dog,2021-12-10,動畫冒險喜劇,"超級巨大的毛茸茸英雄即將登上大銀幕！
 
改編自備受喜愛的經典童書，大紅狗克里弗將會教導全世界如何付出大大的愛！
 
當中學生艾蜜莉伊莉莎白（達比坎普 飾）遇見一名擁有魔法的動物救援者（約翰克里斯 飾），而他又送給她一隻紅色的小狗狗，她絕對沒想到隔天一覺醒來，竟然會在她位於紐約市的小公寓，發現一隻三米高的巨大獵犬。因為她的單親媽媽（席安娜蓋蘿莉 飾）正在出差，於是艾蜜莉和她愛玩又孩子氣的凱西叔叔（傑克懷特霍爾 飾）就在被暱稱為大蘋果的紐約市，展開一場驚險刺激的冒險旅程，保證令人看得大呼過癮。"
21,尖叫旅社：變形怪獸,Hotel Transylvania: Transformania,2021-10-08,動畫冒險喜劇,強尼為了獲得岳父德古拉的信任，意外得到變形器而成為一隻大怪獸，還把吸血鬼德古拉和他的怪獸好友們全都變成了人類，整個旅館陷入大危機！為了找到解決方法，不對盤的強尼與德古拉只好搭檔前往南美展開一場大冒險，且在時間的逼近下，兩人必須學會信任彼此，否則他們有可能再也變不回原來的樣貌…。
22,汪汪隊立大功電影版,PAW Patrol: The Movie,2021-09-17,動畫冒險,"《汪汪隊立大功電影版》汪汪隊出發救援！
當汪汪隊的死對頭韓丁納當上鄰近的冒險市市長，並且開始大搞破壞的時候，萊德和大家最喜愛的狗狗英雄(阿奇、毛毛、天天、路馬、灰灰、小礫)，就蓄勢待發、準備就緒，直接面對這個艱難的挑戰。雖然有一隻狗狗必須在冒險市面對他的過去，但是汪汪隊也得到一名新盟友的幫助，那是一隻叫莉柏蒂的臘腸犬。汪汪隊靠著全新的道具和裝備，為了拯救冒險市的市民，同心協力、冒險犯難！加入這部全新驚險刺激的首部大銀幕冒險動畫長片的是原創動畫影集的配音演員陣容，以及全新的配音演員，包括伊恩阿米塔格、瑪賽馬汀、朗帕多、雅拉沙希迪、金卡戴珊威斯特、朴藍道、戴克斯薛普，以及泰勒派瑞與吉米基墨並且特別介紹威爾布里斯賓。"
23,綠騎士,The Green Knight,2021-09-10,冒險奇幻劇情,"★《宿怨》、《夢想之地》優質製作公司「A24」年度史詩鉅獻！
★ 再現《冰與火之歌》、《魔戒》、《哈比人》奇幻冒險世界！
★ 改編《魔戒》作者J.R.R.托爾金翻譯文本傑作《高文爵士與綠騎士》！ 
★《鬼魅浮生》、《尋龍傳說》、《老人與槍》原班製作團隊，最新奇幻史詩冒險大片！
★《鬼魅浮生》名導大衛羅利，對圓桌騎士經典故事進行嶄新又大膽的詮釋！
★《魔戒》、《金剛》、《阿凡達》特效團隊，運用最頂尖CGI技術打造革命性特效！
★《冰與火之歌：權力遊戲》艾美獎獲獎化妝師，打造讓人目不轉睛的特殊化妝！
★ 電影美學全面提升，嘆為觀止的觀影體驗，絕對要進戲院大銀幕觀賞之作！
★ 金獎提名男星戴夫帕托展開英勇冒險長征，展現從影至今最精湛的表演！
★《丹麥女孩》奧斯卡最佳女配角艾莉西亞薇坎德分飾兩角，展現變色龍般的演技！
★ 全球盛讚！IMDb直逼8分佳績！爛番茄96%新鮮度！Metacritic「必看」認證！
 
一年前的挑戰，一年後的約定
亞瑟王與圓桌騎士，在宮殿中歡慶聖誕節，一名綠騎士（拉爾夫伊內森飾演）闖進大廳，一手拿著冬青、一手拿著斧頭，揚言向亞瑟王的眾騎士挑戰，看現場哪位騎士敢用斧頭砍下他的頭顱。亞瑟王的姪子高文爵士（戴夫帕托飾演）挺身而出，砍下綠騎士的頭。沒想到綠騎士竟舉著被砍下的頭顱，要求高文爵士在隔年聖誕節，必須回到綠教堂找他，並接受他的回砍…。一年後，為了兌現承諾並遵守騎士精神，高文爵士踏上了這段驚心動魄的旅程…。
 
【關於電影】
 
《宿怨》製作公司年度史詩鉅獻，再現《冰與火之歌》奇幻冒險世界
 
《綠騎士》是曾發行過《宿怨》（Hereditary）、《仲夏魘》（Midsommar）、《月光下的藍色男孩》（Moonlight）、《夢想之地》（Minari）等眾多好評佳片，並被譽為「金獎製造機」的「A24」製作公司，所頃力打造的最新作品。將公司成立宗旨擺在「打造擁有獨特視點電影作品」的A24，這回將《亞瑟王傳奇》中的經典篇章《高文爵士與綠騎士》（Sir Gawain and the Green Knight）進行改編，野心勃勃地呈現A24首部奇幻史詩冒險大片，並透過最先進的現代科技，去述說這個古老的史詩篇章，表現出電影形式的無限可能。消息一出，也獲得全球影迷的熱烈討論。
 
《高文爵士與綠騎士》源於14世紀後期，作者不明的韻文傳奇敘事詩，也是《亞瑟王傳奇》中最好的篇章；之後則由以《魔戒》（The Lord of the Rings）、《哈比人》（The Hobbit）等作聞名的奇幻文學大師JRR托爾金（J. R. R. Tolkien），首度解釋、翻譯並發表成現代語作品，被大眾廣為閱讀；內容並透過充滿魅惑的象徵及比喻，深深擄獲讀者、學者和藝術家的心。其實，這並非是這個傳奇故事的首度改編。英國導演史蒂芬威克斯（Stephen Weeks）就曾分別在1973年與1984年執導過《高文爵士與綠騎士》（Gawain and the Green Knight）與《勇者之劍》（Sword of the Valiant: The Legend of Sir Gawain and the Green Knight）兩部電影，先後由莫瑞海德（Murray Head）與邁爾斯奧基夫（Miles O'Keeffe）飾演英勇的「高文爵士」；該作也曾在1991年曾推出過電視電影版本。這回由A24挑戰這個文本，找來曾執導過《鬼魅浮生》（A Ghost Story）、《老人與槍》（The Old Man & the Gun）等片，頗具個人風格的大衛羅利（David Lowery）擔綱編導，可說是一時之選。
 
本片故事描述高文爵士踏上英勇無畏的宿命冒險長征。高文是亞瑟王的姪子，但他始終不認為自己有資格成為一名騎士，也不斷否認自己，流連於女人當中。直到他在新年前夕，接受綠騎士的挑戰，砍下了綠騎士的頭，並與綠騎士約定隔年相見，接受對方回砍，獻上自己的頭顱。一年後，他履行承諾踏上難忘的自我發現之旅，並在途中與瘋狂的攔路強盜、幽靈般的少女、流浪的巨人、妖精與會說話的狐狸相遇與抗衡。他透過面對綠騎士，來定義自己的性格，並在他的家庭與王國當中，試圖證明自己的榮耀與價值。
 
大衛羅利透露在大學一年級時，讀到了《高文爵士和綠騎士》這個作品：「我喜歡這個年輕人如此荒謬的賭注，致力於一場勝利的代價，就是正在失去自己的生命。」不過他當時並無法完全理解這個作品，為什麼能夠流傳如此久遠。直到2018年，他在創作迪士尼電影《尋龍傳說》（Pete's Dragon）的過程中，開始構思出這個冒險史詩故事，於是決定重新閱讀《高文爵士和綠騎士》，並進行劇本改編。他對此補充：「直到我完全進入創作過程，才真正理解為什麼這個作品經得起時間考驗，並意識到我要展開一場艱鉅的任務。原始文本是如此豐富，充滿意義與象徵，以至於可以對它進行十幾種改編，卻仍然無法完整傳達出它的全貌。它最初寫於14世紀，但感覺卻很現代，這種改編是對文本的一種解釋，也正與之對話。它反映出原始詩歌中涵蓋的價值觀，同時也對於如何將這些價值觀具體化，還有如何讓它在我們的文化中產生共鳴、產生疑問。」這也讓他決定放入基督教與異教之間的張力，同時努力使這個14世紀的故事，在現代產生共鳴。也因為他以驚人的洞察力，完美重現出原著的世界觀，讓他因此獲得「本世紀偉大導演的誕生」盛讚。
 
本片眾星雲集，除了找來《漫漫回家路》（Lion）金獎提名男星戴夫帕托（Dev Patel）飾演高文爵士，也請來以《丹麥女孩》（The Danish Girl）榮獲奧斯卡「最佳女配角獎」的艾莉西亞薇坎德（Alicia Vikander）、《非禮勿弒》（The Gift）喬爾埃哲頓（Joel Edgerton）、《不可能的任務》（Mission Impossible）西恩哈里斯（Sean Harris）、《冰與火之歌：權力遊戲》（Game of Thrones）凱特迪奇（Kate Dickie）、《敦克爾克大行動》（Dunkirk）貝瑞科漢（Barry Keoghan）等人共同演出，展現精湛的群體演技。
 
不僅如此，本片還找來打造《魔戒》、《金剛》（King Kong）、《阿凡達》（Avatar）的知名特效公司「維塔數位」（Weta Digital）參與其中，運用最頂尖的CGI技術，打造革命性的視覺饗宴；輔以導演對這個經典故事既嶄新又大膽的重新詮釋，賦予觀眾獨一無二的觀影體驗，不僅具備完美的文學性，更有驚人的藝術性。尤其本片的攝影、色調、光線與音效，絕對必須透過戲院大銀幕觀賞，才能享受到其中的美妙！這也讓本片上映之後，深深擄獲媒體、影評與觀眾的心，不僅在嚴峻的疫情期間，以首週末北美678萬美元（約新台幣1.89億元）票房，創下A24繼《宿怨》、《原鑚》（Uncut Gems）、《女巫》（The Witch）之後，第四高的票房佳績，更是A24在今年北美上映規模最大的電影。此外，本片更在上映的第一時間，於多個指標電影評價網站，如「IMDb」獲得直逼8分佳績，「爛番茄」更衝上96%新鮮度，並獲得「Metacritic」的「必看」認證！如今本片即將在台灣各大戲院上映，也是觀眾們千萬不容錯過的必看之作。"
24,革命前夕的摩托車日記,The Motorcycle Diaries,2021-08-27,歷史/傳記冒險劇情,"長達8個月、1萬2千公里的壯闊之旅…
這是在成為傳奇革命英雄「切·格瓦拉」之前的故事…
1951年12月，患有氣喘的23歲醫學院學生埃內斯托·格瓦拉與29歲的生化學家好友阿爾貝托，滿載行李與憧憬，跳上老舊的「諾頓500」重機，從家鄉布宜諾艾利斯出發。他們先經過智利，再進入祕魯，進而轉往哥倫比亞、委內瑞拉…，揭開一場長達八個月、總長超過一萬兩千公里，貫穿南美大陸的壯志之旅。
雖然機車在幾個月後因為不堪摧殘而報廢，但他們並沒因此停止，更藉由搭公車及便車、搭船、划木筏、騎馬等方式繼續旅程。他們穿越了草原、高山、大河、風雪，儘管一路上險阻不斷、也有爭執，樂天浪漫的兩人仍被這前所未見的無邊景致而深深感動。
 
一路上，他們目睹了自五百年前殖民者登陸以來，這塊土地所承受的種種創傷、苦難與不義，原本想法與看待世界的角度逐漸開始改變。貧富的懸殊、階級的剝削、種族的對立、帝國的迫害，以及人世間永無止息的生、老、病、死，都不斷激盪著兩人的靈魂，也在青年格瓦拉的心中，埋下了日後席捲世界的革命之火…。
 
【關於電影修復】
 
豪情點燃革命之火《摩托車日記》絕美風光數位修復
吸引全球觀眾熱血朝聖的經典電影《革命前夕的摩托車日記：數位修復版》（The Motorcycle Diaries），是《中央車站》巴西金獎大導華特沙勒斯（Walter Salles）的顛峰之作！劇情則講述埃內斯托·格瓦拉（Ernesto Guevara）在成為革命領袖「切·格瓦拉」之前，與好友阿爾貝托·格拉納多（Alberto Granado）於1951年騎摩托車壯遊南美洲的豪邁旅程。該片不僅改編自格瓦拉在旅行途中寫下的同名遊記，以及旅伴阿爾貝托撰寫的《與切格瓦拉穿越拉丁美洲》（Traveling with Che Guevara: The Making of a Revolutionary）。劇本更費時兩年考察史實，力求嚴謹扎實且感動人心。全片攝影美不勝收、壯闊無比，南美大陸草原、高山、大河、雨林、風雪等絕美風光盡收眼底。《摩托車日記》橫掃全球36個獎項，不僅榮獲法國坎城影展3項大獎，更獲美國奧斯卡雙料大獎提名、勇奪最佳原著歌曲大獎，也是奧斯卡史上第一首獲獎的西語歌曲。
 
這部跟隨兩位青年、發現拉美大陸的豐饒與底層生活的電影，除旅程熱血澎湃，更能啟迪觀者的心。不僅獲【今日基督教】讚譽「影像壯麗非凡，演技令人動容」，美國【太陽報】（The Gainesville Sun）也讚賞該片是趟「饒富詩意的狀闊冒險」，【美國觀察者】（Dallas Observer）更大推「史詩傑作！不容錯過！」。
《革命前夕的摩托車日記》總計拍攝84天，為還原史實，更帶領觀眾重返當年格瓦拉和阿爾貝托造訪的南美風光。電影跨越5國，拍攝超過30個南美地標，包括：布宜諾斯艾利斯的「美洲巴黎」，智利的蝶夢谷、阿塔卡馬沙漠、「太平洋寶石」瓦爾帕萊索，秘魯的亞馬遜雨林和印加帝國的馬丘比丘古城等。今年推出的數位修復版，畫質大幅提升，體驗南美風光壯闊絕對要在大銀幕欣賞！"
25,路卡的夏天,LUCA,2021-08-06,動畫冒險,"皮克斯全新原創《路卡的夏天》，故事背景發生在美麗的義大利濱海小鎮里維埃拉，一位名叫路卡的海怪男孩的難忘夏天，他與新摯友們在夏天經歷的無數冒險，包含他們在島上參加的競賽，但最刺激的不是競賽本身，而是隱藏他們呼之欲出的海怪身份…
 
《路卡的夏天》是一個成長的故事，海怪男孩是曾經的你我，好奇心驅使你走出舒適圈，遇見真誠的友誼，學習鼓起勇氣由衷生活，完成自以為不可能的夢想…"
26,叢林奇航,Jungle Cruise,2021-07-30,動作冒險奇幻,"故事描述一位名叫霍頓博士（艾蜜莉布朗 飾演）發現了深藏在亞馬遜裡，有著一顆擁有治癒神力的奇幻之樹，而要取得這棵樹的神力，必須帶著一個被人類收藏的「神奇箭頭」來解開它，霍頓博士決定要深入叢林，來一探這個傳說的究竟，她找來了一個看似可靠，但其實是個只想詐騙遊客的狡猾渡輪船長—法蘭克船長（巨石強森 飾演），她雇用法蘭克載著自己與弟弟（傑克懷特霍爾 飾演）前往叢林展開這場解開神秘傳說之謎的旅程。
 
迪士尼樂園最受歡迎的人氣遊樂設施「叢林奇航」首度改編成電影，將在2020年暑假搬上大銀幕了！這趟神秘的叢林之旅，要帶著大家進入一趟最驚險刺激的旅程，過程中將會遇上許多危險恐怖的生物，以及奇異的超自然現象，新作融合《國家寶藏》般的驚險探險劇情，加上《神鬼奇航》般的冒險旅程！"
27,群青戰記,Brave: Gunjo Senki,2021-07-22,冒險劇情,"★《週刊Young Jump》人氣漫畫改編，原作銷量突破百萬冊！
★ 新田真劍佑首次單獨主演電影，苦練弓道親自上陣
★ 三浦春馬最後身影，詮釋征夷大將軍德川家康
★〈日本藍絲帶最佳男主角〉松山研一，搖身一代梟雄織田信長
★ 人氣漫改導演本廣克行，再次完美改編真人化電影
★ 知名作曲家菅野祐悟再次擔綱本廣克行電影配樂製作
 
下一場比賽的對手竟然是織田信長？
穿越到戰國時代的高校運動健將們向命運發起挑戰！
 
總是把體育競賽獲勝當作唯一目標的校園社團。某一天，他們依舊過著平凡的日常，沒自信的弓道部成員西野蒼（新田真劍佑　飾），對社團活動總是提不起勁，令青梅竹馬瀨野遙（山崎紘菜　飾）和松本考太（鈴木伸之　飾）為他擔心。
 
然而一道打中校園的落雷，令眾人的生活掀起巨變。校園外熟悉的風景變成一望無際的原野，持刀的武士襲擊校園，讓全校學生陷入恐慌！在學生一個個倒下之際，熱愛歷史的蒼意識到全校穿越時空來到戰國時代，而且是史上著名的桶狹間之戰的前夕。同伴不斷被織田信長（松山研一　飾）的軍隊抓走，感到茫然的蒼卻與後來將成為君主的德川家康──武將松平元康（三浦春馬　飾）上演一場命運般的相遇。
 
在元康的帶領下，蒼與各社團的王牌選手們立志要拯救同伴。他們能否在戰國時代存活下去、返回原本的世界？歷史上從沒記載、前所未聞的高中運動員對戰國武士的戰鬥，即將開始！
 
【關於電影】
 
集英社《週刊YOUNG JUMP》連載，別具特色的漫畫《群青戰記》，集結社團活動、青春和歷史於一身，這部人氣作品如今拍成真人版電影。主演陣容鼎盛，包括新田真剣佑、山崎紘菜、鈴木伸之、渡邊圭祐、三浦春馬和松山研一。本片由日本著名導演本廣克行執導，製作出空前絕後的超強娛樂作品。"
28,貝加爾湖隱居札記：在這喧囂的世界，一個人到西伯利亞森林住半年,In the Forests of Siberia,2021-07-16,冒險劇情,"★ 改編自 席爾凡戴松 暢銷全球原作 
★《別問我是誰》導演 薩菲內布 沈澱心靈代表作
★ 法國性感男星 拉斐爾佩松納茲 自我追尋突破之旅
★ 凱薩獎、盧米埃兩大法國電影獎 最佳電影音樂
 
「找個地方，讓自己短暫地、靜靜休息一陣子。」
在受不了目前繁忙、卻索然無味的日常生活後，泰迪決定在冬日，一個人到西伯利亞貝加爾湖畔隱居。在初訪被眼前目眩的大自然美景震懾之後，隨之而生的是絕冷、孤寂、覓食困難……等重重生理與心理的危機。一個晚上泰迪在刺骨寒風中意外迷路，差點死於森林中，所幸遇到一個俄羅斯罪犯相救，漸漸地，兩人之間也培養出天地之間唯二人的友誼……
 
改編自法國記者席爾凡戴松的原著，這本去年才剛在台灣出版的作者日記，以其超越樂活的『天地一沙鷗』孤絕隱居方式，意外獲得讀者熱烈迴響，短短時間內已達十數刷。這部2016翻拍原著的電影，首度在台問世，將以數位高清版本，呈現貝加爾湖森林的絕世美景，也會是現代人洗滌鬱悶忙亂的一帖心靈雞湯。"
29,怪物奇兵 全新世代,Space Jam: A New Legacy,2021-07-15,動畫冒險喜劇,詹皇和他年幼的兒子小唐被一個抓狂的人工智慧困在一個數位空間，他必須登上球場，帶領兔寶寶、蘿拉兔及一幫調皮的「樂一通」（Looney Tunes）角色，打敗人工智慧設計出的冠軍球隊，才能讓他和他兒子安全返家。然而，這支數位球隊是集結NBA和WNBA球星的超級強隊，絕對是空前未見。這場硬戰是詹皇人生中玩最大的挑戰，也會重新定他與他兒子的緊密關係，並發揮他重新看見自己的力量。準備放手一搏的「樂一通」角色將打破慣例，讓他們的各種奇招衝到破表，打出一場他們專屬的球賽，連詹皇都會大吃一驚。
30,野蠻糾碴隊,Welcome to the Jungle,2021-07-14,冒險喜劇,"當虎媽遇上豬隊友，當書呆子遇上女頭目
到底是誰綁架了誰？又是誰要拯救誰？歡迎光臨瘋狂亞馬遜......
 
書呆子艾略特出身顯赫的將軍世家，母親則是鼎鼎大名的人類學家。為了逃離虎媽的控制，艾略特獨自申請到博士獎學金，前往世界上最危險的亞馬遜尋找傳說中的烏托皮族。原以為這是人類學家就近觀察原始部落的好機會，沒想到烏托皮的頭目竟然是個女的，她不但有手機，而且抽菸、酗酒樣樣來！女頭目狂放不羈的野蠻特質深深吸引了他，艾略特從一介書蟲，搖身一變成為一代毒梟斜槓壓榨勞力的資本家，以科學化的方式提高烏托皮族淘金的產能，好讓他們可以去「老王雜貨店」血拚個夠。另一方面，虎媽趕來南美洲萬里尋兒，一幫智商堪憂的法國軍隊成了她的豬隊友，愛子還沒找到，卻沿路招惹了鄰國軍隊、莫名其妙在「老王雜貨店」引發槍戰。究竟在這原始的亞馬遜叢林裡藏著什麼不可告人的秘密？而母子倆又能不能逢凶化吉展開大和解呢？
 
【關於電影】
 
當瘋狂喜劇遇上雨林奇聞 深入雨林實景拍攝的嶄新民族誌
本片為法國新銳導演雨果・貝納莫齊和大衛・卡維格里奧利合力編導的首部劇情長片。故事靈感來自兩人的共通好友，一名鑽研秘魯巫師、密宗的人類學家口中的真實事件。他的一名人類學家同事花了好幾個月在雨林中研究，並與當地部落的巫師學習祕術，卻在準備要前往玻利維亞的一個部落時，在雨林迷了路，到了一個非常潮濕陰暗的地方，在那裡度過了一段宛如地獄的日子。
 
這樣的經歷分享，讓雨果和大衛意識到這很可能成為一個不錯的喜劇題材背景，於是著手進行編寫。由於兩人都是韋納・荷索的粉絲，片中也特地向其致敬，加入宛如荷索紀錄片中常出現的黑色幽默旁白，讓男主角文森・德迪恩在片中穿插唸著宛如國家地理頻道式的畫外音，打造另類喜感。全片於位在印度洋西部的法屬小島留尼旺拍攝，兩人坦言，儘管相較於亞馬遜雨林，留尼旺可說是親民許多，但多變的雨林氣候仍為拍攝帶來許多困難。拍攝的日子大多陰雨綿綿、陽光不足，氣象預報APP的準確度也極低，攝影器材更時常因為過度潮濕而故障，演員和工作人員還得在克難環境下，踩著泥濘上工，拍攝難度相當高。
 
法國超級天后凱薩琳・丹妮芙喜感演出，法國連映嗨翻180天
本片雖是兩名年輕導演的長片處女作，卻相當幸運地請來法國影壇超級天后凱薩琳・丹妮芙演出。凱薩琳在片中飾演霸氣十足的虎媽，與飾演她那胸懷壯志卻涉世未深的單蠢兒子文森・德迪恩，兩人妙趣橫生的母子對手戲，可說是全片最大看點。對於凱薩琳的參演，導演大衛坦言：「首部劇情長片便有機會和傳奇女星凱薩琳・丹妮芙合作真是太幸運了！她的加入帶給我們很多信心，感謝她如此相信我們這樣一個年輕的團隊！」而劇場出身的文森的演出，也讓兩位導演給出極高評價，稱文森可說是新世代喜劇演員中，足以被稱作巴斯特・基頓接班人的一個。文森對於此次有幸演出凱薩琳的兒子，也直呼簡直是莫大的殊榮。此外，在片中穿著美式，總是躺在沙發上一邊吃洋芋片、一邊看著電視上播放西方節目的部落女頭目，則找來法國女星愛麗絲・貝萊迪演出，為了揣摩這個角色，愛麗絲也特地修改口音，讓自己更貼近角色的身分。導演也藉由這個深受西化的頭目角色，對資本主義的入侵、文明社會的幻象提出反思。本片於去年七月在法國上映，創下票房佳績，連映超過180天。"
31,黑寡婦,Black Widow,2021-07-14,動作冒險,"漫威影業2020年的首部重頭戲，是粉絲請求多時，終於實現的《黑寡婦》個人電影，黑寡婦在漫威電影宇宙中舉足輕重，10多年來參與了7部電影。現在，娜塔莎羅曼諾夫，也就是大家所熟知的黑寡婦，終於踏上個人的旅程，讓粉絲看到她不為人知的一面。
 
故事時間點設定在《美國隊長 3 : 英雄內戰》之後，娜塔莎因為幫助了美國隊長而踏上流亡之路，當她發現一個與過去有關的陰謀時，她必須全球追蹤，回頭面對她神祕的間諜生涯，同時逃過反派「模仿大師」的追殺。"
32,魔戒三部曲：王者再臨,The Lord of the Rings: The Return of the King,2021-04-29,冒險奇幻劇情,遠征隊的旅程即將在《魔戒三部曲：王者再臨》畫下句點，中土世界的真正大戰即將到來，眾人集合所有力量來擊敗索倫。儘管不停遭受失落，遠征隊還是持續前往他們這一生最重要的一場戰役，合作無間分散索倫的注意力，好讓佛羅多有機會完成他的使命，將魔戒摧毀。
